<?xml version='1.0' encoding='UTF-8'?>
<?artifactRepository version='1.1.0'?>
<repository name='file:/Users/moscac/dev/mule-googlecalendar-connector/target/update-site/ - artifacts' type='org.eclipse.equinox.p2.artifact.repository.simpleRepository' version='1'>
  <properties size='2'>
    <property name='p2.timestamp' value='1378841091975'/>
    <property name='p2.compressed' value='false'/>
  </properties>
  <mappings size='3'>
    <rule filter='(&amp; (classifier=osgi.bundle))' output='${repoUrl}/plugins/${id}_${version}.jar'/>
    <rule filter='(&amp; (classifier=binary))' output='${repoUrl}/binary/${id}_${version}'/>
    <rule filter='(&amp; (classifier=org.eclipse.update.feature))' output='${repoUrl}/features/${id}_${version}.jar'/>
  </mappings>
  <artifacts size='2'>
    <artifact classifier='org.eclipse.update.feature' id='org.mule.tooling.ui.extension.mule-google-calendar-connector' version='1.0.0.201309101524'>
      <properties size='4'>
        <property name='artifact.size' value='3959'/>
        <property name='download.size' value='3959'/>
        <property name='download.md5' value='b0275758bc2615f34ad757f52c43050b'/>
        <property name='download.contentType' value='application/zip'/>
      </properties>
    </artifact>
    <artifact classifier='osgi.bundle' id='org.mule.tooling.ui.contribution.google-calendar' version='1.0.0.201309101524'>
      <properties size='3'>
        <property name='artifact.size' value='2408272'/>
        <property name='download.size' value='2408272'/>
        <property name='download.md5' value='0e471907d16fc576a9d9436a495c2b4b'/>
      </properties>
    </artifact>
  </artifacts>
</repository>
